{
    "name": "root",
    "gauges": {
        "SpotMicroBehavior.Policy.Entropy.mean": {
            "value": 1.3418200016021729,
            "min": 0.8912806510925293,
            "max": 1.3439741134643555,
            "count": 775
        },
        "SpotMicroBehavior.Policy.Entropy.sum": {
            "value": 67971.234375,
            "min": 1059.4822998046875,
            "max": 68228.9296875,
            "count": 775
        },
        "SpotMicroBehavior.Environment.EpisodeLength.mean": {
            "value": 262.9842105263158,
            "min": 35.0,
            "max": 301.07185628742513,
            "count": 775
        },
        "SpotMicroBehavior.Environment.EpisodeLength.sum": {
            "value": 49967.0,
            "min": 140.0,
            "max": 53417.0,
            "count": 775
        },
        "SpotMicroBehavior.Step.mean": {
            "value": 73699749.0,
            "min": 34999982.0,
            "max": 73699749.0,
            "count": 775
        },
        "SpotMicroBehavior.Step.sum": {
            "value": 73699749.0,
            "min": 34999982.0,
            "max": 73699749.0,
            "count": 775
        },
        "SpotMicroBehavior.Policy.ExtrinsicValueEstimate.mean": {
            "value": 115.46536254882812,
            "min": 104.20626831054688,
            "max": 208.50177001953125,
            "count": 775
        },
        "SpotMicroBehavior.Policy.ExtrinsicValueEstimate.sum": {
            "value": 30713.787109375,
            "min": 625.5053100585938,
            "max": 52384.46875,
            "count": 775
        },
        "SpotMicroBehavior.Environment.CumulativeReward.mean": {
            "value": 638.1493677581168,
            "min": 271.68651326497394,
            "max": 734.1873199209875,
            "count": 775
        },
        "SpotMicroBehavior.Environment.CumulativeReward.sum": {
            "value": 121886.52924180031,
            "min": 815.0595397949219,
            "max": 172232.2742881775,
            "count": 775
        },
        "SpotMicroBehavior.Policy.ExtrinsicReward.mean": {
            "value": 638.1493677581168,
            "min": 271.68651326497394,
            "max": 734.1873199209875,
            "count": 775
        },
        "SpotMicroBehavior.Policy.ExtrinsicReward.sum": {
            "value": 121886.52924180031,
            "min": 815.0595397949219,
            "max": 172232.2742881775,
            "count": 775
        },
        "SpotMicroBehavior.IsTraining.mean": {
            "value": 1.0,
            "min": 1.0,
            "max": 1.0,
            "count": 775
        },
        "SpotMicroBehavior.IsTraining.sum": {
            "value": 1.0,
            "min": 1.0,
            "max": 1.0,
            "count": 775
        },
        "SpotMicroBehavior.Losses.PolicyLoss.mean": {
            "value": 0.08538643578148913,
            "min": 0.06826827972897445,
            "max": 0.09376471052807756,
            "count": 774
        },
        "SpotMicroBehavior.Losses.PolicyLoss.sum": {
            "value": 0.42693217890744567,
            "min": 0.3107267694035727,
            "max": 0.4970377516304143,
            "count": 774
        },
        "SpotMicroBehavior.Losses.ValueLoss.mean": {
            "value": 523.1884747924804,
            "min": 420.7189291992187,
            "max": 710.2986114501953,
            "count": 774
        },
        "SpotMicroBehavior.Losses.ValueLoss.sum": {
            "value": 2615.942373962402,
            "min": 1936.2396038818358,
            "max": 3612.24701751709,
            "count": 774
        },
        "SpotMicroBehavior.Policy.LearningRate.mean": {
            "value": 0.0003,
            "min": 0.0003,
            "max": 0.0003,
            "count": 774
        },
        "SpotMicroBehavior.Policy.LearningRate.sum": {
            "value": 0.0014999999999999998,
            "min": 0.0012,
            "max": 0.0017999999999999997,
            "count": 774
        },
        "SpotMicroBehavior.Policy.Epsilon.mean": {
            "value": 0.19999999999999996,
            "min": 0.19999999999999996,
            "max": 0.19999999999999996,
            "count": 774
        },
        "SpotMicroBehavior.Policy.Epsilon.sum": {
            "value": 0.9999999999999998,
            "min": 0.7999999999999998,
            "max": 1.1999999999999997,
            "count": 774
        },
        "SpotMicroBehavior.Policy.Beta.mean": {
            "value": 0.006500000000000001,
            "min": 0.0065,
            "max": 0.006500000000000001,
            "count": 774
        },
        "SpotMicroBehavior.Policy.Beta.sum": {
            "value": 0.0325,
            "min": 0.026000000000000002,
            "max": 0.039,
            "count": 774
        }
    },
    "metadata": {
        "timer_format_version": "0.1.0",
        "start_time_seconds": "1735948898",
        "python_version": "3.9.13 (tags/v3.9.13:6de2ca5, May 17 2022, 16:36:42) [MSC v.1929 64 bit (AMD64)]",
        "command_line_arguments": "C:\\Users\\leohe\\AppData\\Local\\Programs\\Python\\Python39\\Scripts\\mlagents-learn config.yaml --run-id=RebootV1.30 --resume",
        "mlagents_version": "0.30.0",
        "mlagents_envs_version": "0.30.0",
        "communication_protocol_version": "1.5.0",
        "pytorch_version": "2.4.0+cu121",
        "numpy_version": "1.21.2",
        "end_time_seconds": "1735975030"
    },
    "total": 26131.468140399997,
    "count": 1,
    "self": 0.00533769999674405,
    "children": {
        "run_training.setup": {
            "total": 0.11829629999999991,
            "count": 1,
            "self": 0.11829629999999991
        },
        "TrainerController.start_learning": {
            "total": 26131.3445064,
            "count": 1,
            "self": 28.71346180015462,
            "children": {
                "TrainerController._reset_env": {
                    "total": 8.4812601,
                    "count": 1,
                    "self": 8.4812601
                },
                "TrainerController.advance": {
                    "total": 26094.062819799845,
                    "count": 1290867,
                    "self": 27.731867499082,
                    "children": {
                        "env_step": {
                            "total": 17001.17574950182,
                            "count": 1290867,
                            "self": 13838.586641400481,
                            "children": {
                                "SubprocessEnvManager._take_step": {
                                    "total": 3144.2171223000696,
                                    "count": 1290867,
                                    "self": 126.33107310105606,
                                    "children": {
                                        "TorchPolicy.evaluate": {
                                            "total": 3017.8860491990135,
                                            "count": 1210717,
                                            "self": 3017.8860491990135
                                        }
                                    }
                                },
                                "workers": {
                                    "total": 18.37198580127072,
                                    "count": 1290866,
                                    "self": 0.0,
                                    "children": {
                                        "worker_root": {
                                            "total": 26096.289942700358,
                                            "count": 1290866,
                                            "is_parallel": true,
                                            "self": 14834.236654400178,
                                            "children": {
                                                "steps_from_proto": {
                                                    "total": 0.0010462000000002192,