{
    "name": "root",
    "gauges": {
        "SpotMicroBehavior.Policy.Entropy.mean": {
            "value": 1.187256097793579,
            "min": 0.8390789031982422,
            "max": 1.4163141250610352,
            "count": 1156
        },
        "SpotMicroBehavior.Policy.Entropy.sum": {
            "value": 58963.88671875,
            "min": 40553.59765625,
            "max": 75597.1796875,
            "count": 1156
        },
        "SpotMicroBehavior.Environment.EpisodeLength.mean": {
            "value": 238.4354066985646,
            "min": 163.4576802507837,
            "max": 309.44375,
            "count": 1156
        },
        "SpotMicroBehavior.Environment.EpisodeLength.sum": {
            "value": 49833.0,
            "min": 46755.0,
            "max": 53152.0,
            "count": 1156
        },
        "SpotMicroBehavior.Step.mean": {
            "value": 57799817.0,
            "min": 49876.0,
            "max": 57799817.0,
            "count": 1156
        },
        "SpotMicroBehavior.Step.sum": {
            "value": 57799817.0,
            "min": 49876.0,
            "max": 57799817.0,
            "count": 1156
        },
        "SpotMicroBehavior.Policy.ExtrinsicValueEstimate.mean": {
            "value": 130.38442993164062,
            "min": 4.951757431030273,
            "max": 178.17686462402344,
            "count": 1156
        },
        "SpotMicroBehavior.Policy.ExtrinsicValueEstimate.sum": {
            "value": 36377.2578125,
            "min": 1327.071044921875,
            "max": 65747.265625,
            "count": 1156
        },
        "SpotMicroBehavior.Environment.CumulativeReward.mean": {
            "value": 630.8553230160759,
            "min": 133.43616239355987,
            "max": 720.4075483304065,
            "count": 1156
        },
        "SpotMicroBehavior.Environment.CumulativeReward.sum": {
            "value": 132479.61783337593,
            "min": 25219.434692382812,
            "max": 188663.3512854278,
            "count": 1156
        },
        "SpotMicroBehavior.Policy.ExtrinsicReward.mean": {
            "value": 630.8553230160759,
            "min": 133.43616239355987,
            "max": 720.4075483304065,
            "count": 1156
        },
        "SpotMicroBehavior.Policy.ExtrinsicReward.sum": {
            "value": 132479.61783337593,
            "min": 25219.434692382812,
            "max": 188663.3512854278,
            "count": 1156
        },
        "SpotMicroBehavior.Losses.PolicyLoss.mean": {
            "value": 0.08109021182823925,
            "min": 0.06604284931207074,
            "max": 0.10314650693372825,
            "count": 1156
        },
        "SpotMicroBehavior.Losses.PolicyLoss.sum": {
            "value": 0.4054510591411963,
            "min": 0.3120870532600384,
            "max": 0.5157325346686412,
            "count": 1156
        },
        "SpotMicroBehavior.Losses.ValueLoss.mean": {
            "value": 548.9739639282227,
            "min": 330.1516940612793,
            "max": 17481.05537030029,
            "count": 1156
        },
        "SpotMicroBehavior.Losses.ValueLoss.sum": {
            "value": 2744.8698196411133,
            "min": 1650.7584703063965,
            "max": 87405.27685150146,
            "count": 1156
        },
        "SpotMicroBehavior.Policy.LearningRate.mean": {
            "value": 0.0003,
            "min": 0.0003,
            "max": 0.0003,
            "count": 1156
        },
        "SpotMicroBehavior.Policy.LearningRate.sum": {
            "value": 0.0014999999999999998,
            "min": 0.0012,
            "max": 0.0017999999999999997,
            "count": 1156
        },
        "SpotMicroBehavior.Policy.Epsilon.mean": {
            "value": 0.19999999999999996,
            "min": 0.19999999999999996,
            "max": 0.19999999999999996,
            "count": 1156
        },
        "SpotMicroBehavior.Policy.Epsilon.sum": {
            "value": 0.9999999999999998,
            "min": 0.7999999999999998,
            "max": 1.1999999999999997,
            "count": 1156
        },
        "SpotMicroBehavior.Policy.Beta.mean": {
            "value": 0.006500000000000001,
            "min": 0.0065,
            "max": 0.006500000000000001,
            "count": 1156
        },
        "SpotMicroBehavior.Policy.Beta.sum": {
            "value": 0.0325,
            "min": 0.026000000000000002,
            "max": 0.039,
            "count": 1156
        },
        "SpotMicroBehavior.IsTraining.mean": {
            "value": 1.0,
            "min": 1.0,
            "max": 1.0,
            "count": 1156
        },
        "SpotMicroBehavior.IsTraining.sum": {
            "value": 1.0,
            "min": 1.0,
            "max": 1.0,
            "count": 1156
        }
    },
    "metadata": {
        "timer_format_version": "0.1.0",
        "start_time_seconds": "1736057344",
        "python_version": "3.9.13 (tags/v3.9.13:6de2ca5, May 17 2022, 16:36:42) [MSC v.1929 64 bit (AMD64)]",
        "command_line_arguments": "C:\\Users\\leohe\\AppData\\Local\\Programs\\Python\\Python39\\Scripts\\mlagents-learn config.yaml --run-id=RebootV1.32",
        "mlagents_version": "0.30.0",
        "mlagents_envs_version": "0.30.0",
        "communication_protocol_version": "1.5.0",
        "pytorch_version": "2.4.0+cu121",
        "numpy_version": "1.21.2",
        "end_time_seconds": "1736090512"
    },
    "total": 33168.7893531,
    "count": 1,
    "self": 0.0037929000027361326,
    "children": {
        "run_training.setup": {
            "total": 0.11720400000000009,
            "count": 1,
            "self": 0.11720400000000009
        },
        "TrainerController.start_learning": {
            "total": 33168.668356199996,
            "count": 1,
            "self": 31.627630600480188,
            "children": {
                "TrainerController._reset_env": {
                    "total": 8.1411984,
                    "count": 1,
                    "self": 8.1411984
                },
                "TrainerController.advance": {
                    "total": 33128.79263819951,
                    "count": 1930508,
                    "self": 32.085261702704884,
                    "children": {
                        "env_step": {
                            "total": 22801.810761501267,
                            "count": 1930508,
                            "self": 19328.047851502546,
                            "children": {
                                "SubprocessEnvManager._take_step": {
                                    "total": 3455.67854379872,
                                    "count": 1930508,
                                    "self": 146.974007700906,
                                    "children": {
                                        "TorchPolicy.evaluate": {
                                            "total": 3308.704536097814,
                                            "count": 1806934,
                                            "self": 3308.704536097814
                                        }
                                    }
                                },
                                "workers": {
                                    "total": 18.084366200001902,
                                    "count": 1930507,
                                    "self": 0.0,
                                    "children": {
                                        "worker_root": {
                                            "total": 32992.80108299898,
                                            "count": 1930507,
                                            "is_parallel": true,
                                            "self": 16476.306974197956,
                                            "children": {
                                                "steps_from_proto": {
                                                    "total": 0.0009433999999997056,