{"count":1,"self":5022.9030912,"total":36864.041009299995,"children":{"InitializeActuators":{"count":64,"self":0.0010303,"total":0.0010303,"children":null},"InitializeSensors":{"count":64,"self":0.00157,"total":0.00157,"children":null},"AgentSendState":{"count":2653684,"self":68.4940992,"total":986.08467269999994,"children":{"CollectObservations":{"count":42458944,"self":220.27914239999998,"total":220.2791404,"children":null},"WriteActionMask":{"count":42458944,"self":10.6367,"total":10.6366999,"children":null},"RequestDecision":{"count":42458944,"self":48.564684799999995,"total":686.6747349,"children":{"AgentInfo.ToProto":{"count":42458944,"self":42.2048224,"total":638.1100501,"children":{"GenerateSensorData":{"count":42458944,"self":595.90522879999992,"total":595.9052277,"children":null}}}}}}},"DecideAction":{"count":2653684,"self":30076.013772799997,"total":30076.013985999998,"children":null},"AgentAct":{"count":2653684,"self":772.9489408,"total":773.90059039999994,"children":{"AgentInfo.ToProto":{"count":37961,"self":0.1663991,"total":0.9516528,"children":{"GenerateSensorData":{"count":37961,"self":0.78525369999999994,"total":0.78525369999999994,"children":null}}}}},"AgentInfo.ToProto":{"count":168348,"self":1.1327914,"total":5.1350126,"children":{"GenerateSensorData":{"count":168348,"self":4.0022212,"total":4.0022212,"children":null}}}},"gauges":{"SpotMicroBehavior.CumulativeReward":{"count":206309,"max":138730,"min":-2957.23364,"runningAverage":546.3931,"value":584.7923,"weightedAverage":723.780457}},"metadata":{"timer_format_version":"0.1.0","start_time_seconds":"1737366801","unity_version":"2022.3.34f1","command_line_arguments":"C:\\Program Files\\Unity\\Hub\\Editor\\2022.3.34f1\\Editor\\Unity.exe -projectpath C:\\Users\\leohe\\Documents\\researchprojects\\MicroSpotAITrainingTrack -useHub -hubIPC -cloudEnvironment production -licensingIpc LicenseClient-leohe -hubSessionId 99eb9d01-4c1f-4015-b661-75d22c50d90f -accessToken hqz6wzE6mQQoUVZixGoWcmXLaMDd_r_Y5RYUsmA0WlA012f","communication_protocol_version":"1.5.0","com.unity.ml-agents_version":"2.0.1","scene_name":"SampleScene","end_time_seconds":"1737403665"}}