{"count":1,"self":3741.4612991999998,"total":39840.446483299995,"children":{"InitializeActuators":{"count":64,"self":0.0015132,"total":0.0015132,"children":null},"InitializeSensors":{"count":64,"self":0.0025125,"total":0.0025125,"children":null},"AgentSendState":{"count":1733401,"self":61.5841984,"total":1670.1506984,"children":{"CollectObservations":{"count":27734432,"self":789.1113472,"total":789.11134789999994,"children":null},"WriteActionMask":{"count":27734432,"self":8.8234783999999991,"total":8.8234780999999991,"children":null},"RequestDecision":{"count":27734432,"self":41.978896,"total":810.6316767,"children":{"AgentInfo.ToProto":{"count":27734432,"self":36.3219488,"total":768.65278019999994,"children":{"GenerateSensorData":{"count":27734432,"self":732.3308544,"total":732.33083219999992,"children":null}}}}}}},"DecideAction":{"count":1733401,"self":33558.1577216,"total":33558.158616,"children":null},"AgentAct":{"count":1733401,"self":866.07534079999994,"total":867.3521734,"children":{"AgentInfo.ToProto":{"count":30463,"self":0.16137179999999998,"total":1.2768586,"children":{"GenerateSensorData":{"count":30463,"self":1.1154868,"total":1.1154868,"children":null}}}}},"AgentInfo.ToProto":{"count":71533,"self":0.5133681,"total":3.3181354,"children":{"GenerateSensorData":{"count":71533,"self":2.8047671999999997,"total":2.8047673,"children":null}}}},"gauges":{"SpotMicroBehavior.CumulativeReward":{"count":101996,"max":4451.67432,"min":-43557.3242,"runningAverage":983.112,"value":848.4262,"weightedAverage":955.883545}},"metadata":{"timer_format_version":"0.1.0","start_time_seconds":"1738742322","unity_version":"2022.3.34f1","command_line_arguments":"C:\\Program Files\\Unity\\Hub\\Editor\\2022.3.34f1\\Editor\\Unity.exe -projectpath C:\\Users\\leohe\\Documents\\researchprojects\\MicroSpotAITrainingTrack -useHub -hubIPC -cloudEnvironment production -licensingIpc LicenseClient-leohe -hubSessionId 3e4a31e8-6010-44d5-a49b-8d34c4166e04 -accessToken uWfePtAtxOs2e15nHd9dBYmvaRIfSNb_JEltvt3Lg5U012f","communication_protocol_version":"1.5.0","com.unity.ml-agents_version":"2.0.1","scene_name":"SampleScene","end_time_seconds":"1738782163"}}