{"count":1,"self":325.5519488,"total":2418.3489856,"children":{"InitializeActuators":{"count":64,"self":0.0010057,"total":0.0010057,"children":null},"InitializeSensors":{"count":64,"self":0.0035199999999999997,"total":0.0035199999999999997,"children":null},"AgentSendState":{"count":110834,"self":3.0473736,"total":82.6681335,"children":{"CollectObservations":{"count":1773344,"self":38.7364128,"total":38.7364124,"children":null},"WriteActionMask":{"count":1773344,"self":0.46123169999999997,"total":0.46123169999999997,"children":null},"RequestDecision":{"count":1773344,"self":2.138648,"total":40.4231159,"children":{"AgentInfo.ToProto":{"count":1773344,"self":1.8634107999999998,"total":38.284467899999996,"children":{"GenerateSensorData":{"count":1773344,"self":36.421056,"total":36.4210572,"children":null}}}}}}},"DecideAction":{"count":110834,"self":1968.6227967999998,"total":1968.6228529,"children":null},"AgentAct":{"count":110834,"self":41.2834752,"total":41.3463853,"children":{"AgentInfo.ToProto":{"count":1782,"self":0.0060195,"total":0.062910899999999992,"children":{"GenerateSensorData":{"count":1782,"self":0.056891399999999995,"total":0.056891399999999995,"children":null}}}}},"AgentInfo.ToProto":{"count":4888,"self":0.0158318,"total":0.1541265,"children":{"GenerateSensorData":{"count":4888,"self":0.1382947,"total":0.1382947,"children":null}}}},"gauges":{"SpotMicroBehavior.CumulativeReward":{"count":6670,"max":1379.01392,"min":-7825.346,"runningAverage":348.614136,"value":450.115143,"weightedAverage":432.8228}},"metadata":{"timer_format_version":"0.1.0","start_time_seconds":"1738468360","unity_version":"2022.3.34f1","command_line_arguments":"C:\\Program Files\\Unity\\Hub\\Editor\\2022.3.34f1\\Editor\\Unity.exe -projectpath C:\\Users\\leohe\\Documents\\researchprojects\\MicroSpotAITrainingTrack -useHub -hubIPC -cloudEnvironment production -licensingIpc LicenseClient-leohe -hubSessionId 3e4a31e8-6010-44d5-a49b-8d34c4166e04 -accessToken uWfePtAtxOs2e15nHd9dBYmvaRIfSNb_JEltvt3Lg5U012f","communication_protocol_version":"1.5.0","com.unity.ml-agents_version":"2.0.1","scene_name":"SampleScene","end_time_seconds":"1738470778"}}